Academic_Field,Year_Level,Year_Original,E1,E2,E3,E4
국어교육과,4학년,4학년,전공 및 교과와 연계된 활용 사례 제시,"디지털·AI 학습의 필요성에 대한 확신 부족, 윤리보다 선행된 기술의 발전에 대한 우려",AI 윤리 및 책임 있는 활용,책임감
국어교육과,3학년,3학년,"실습 중심의 수업 확대, 전공 및 교과와 연계된 활용 사례 제시","학습 속도를 따라가기 어렵다는 우려, 임용과 직접 관련되지 않는 수업이라는 우려","수업 설계 및 교육적 활용 방법, 현장 교사와의 교류","AI 활용 윤리, 할루시네이션 해결법"
물리교육과,3학년,3학년,"기초 수준의 단계별 교육 제공, 실습 중심의 수업 확대","전문 용어나 기술적 내용(예: 코딩)에 대한 두려움, 디지털·AI 학습의 필요성에 대한 확신 부족","수업 설계 및 교육적 활용 방법, AI 윤리 및 책임 있는 활용, 현장 교사와의 교류",AI의 사용윤리
물리교육과,2학년,2학년,평가 부담이 낮은 수업 설계,임용과 직접 관련되지 않는 수업이라는 우려,현장 교사와의 교류,유료 플랫폼 제공(유료 버전의 AI 등)
물리교육과,2학년,2학년,실습 중심의 수업 확대,기초 지식이나 사전 경험의 부족,"디지털·AI의 기초 개념과 작동 원리, 코딩 및 앱 개발, AI 도구 활용 방법, 수업 설계 및 교육적 활용 방법",AI활용
미술교육과,2학년,2학년,"실습 중심의 수업 확대, 평가 부담이 낮은 수업 설계","기초 지식이나 사전 경험의 부족, 전문 용어나 기술적 내용(예: 코딩)에 대한 두려움","디지털·AI의 기초 개념과 작동 원리, 코딩 및 앱 개발, AI 도구 활용 방법",No Response
미술교육과,4학년,4학년,"실습 중심의 수업 확대, 정규 교과 내 필수 또는 선택 과목 개설","기초 지식이나 사전 경험의 부족, 임용과 직접 관련되지 않는 수업이라는 우려","AI 도구 활용 방법, 수업 설계 및 교육적 활용 방법","AI도구 지원, 기초적인 학습 지원"
미술교육과,1학년,1학년,"실습 중심의 수업 확대, 평가 부담이 낮은 수업 설계","전문 용어나 기술적 내용(예: 코딩)에 대한 두려움, 학습 속도를 따라가기 어렵다는 우려, 임용과 직접 관련되지 않는 수업이라는 우려","디지털·AI의 기초 개념과 작동 원리, 코딩 및 앱 개발, AI 도구 활용 방법",편의
미술교육과,1학년,1학년,"기초 수준의 단계별 교육 제공, 전공 및 교과와 연계된 활용 사례 제시","기초 지식이나 사전 경험의 부족, 전문 용어나 기술적 내용(예: 코딩)에 대한 두려움",코딩 및 앱 개발,No Response
미술교육과,2학년,2학년,"실습 중심의 수업 확대, 평가 부담이 낮은 수업 설계","기초 지식이나 사전 경험의 부족, 학습 속도를 따라가기 어렵다는 우려",수업 설계 및 교육적 활용 방법,디지털 리터러시
미술교육과,4학년,4학년,"기초 수준의 단계별 교육 제공, 전공 및 교과와 연계된 활용 사례 제시",기초 지식이나 사전 경험의 부족,"디지털·AI의 기초 개념과 작동 원리, AI 도구 활용 방법",프롬포트를 작성할줄 아는것이 중요하다고 생각한다 단순이 이거해줘가 아니라 어떻게 질문해야 내가 원하는 답을 퀄리티있게 얻어낼 수 있는지 질문하는 방법과기술이 중요한 것 같다 그리고 AI가 주는 정보가 거짓인지 판별하는 것도 꼭 필요한 능력이라고 생각한다 
미술교육과,4학년,4학년,"실습 중심의 수업 확대, 전공 및 교과와 연계된 활용 사례 제시, 평가 부담이 낮은 수업 설계","전문 용어나 기술적 내용(예: 코딩)에 대한 두려움, 학습 속도를 따라가기 어렵다는 우려","디지털·AI의 기초 개념과 작동 원리, AI 도구 활용 방법, AI 윤리 및 책임 있는 활용, 현장 교사와의 교류","AI 윤리와 사용책임, 현장에서 활용 사례 등"
미술교육과,1학년,1학년,기초 수준의 단계별 교육 제공,"기초 지식이나 사전 경험의 부족, 디지털·AI 학습의 필요성에 대한 확신 부족","AI 도구 활용 방법, 수업 설계 및 교육적 활용 방법",올바른 활용방법
미술교육과,2학년,2학년,전공 및 교과와 연계된 활용 사례 제시,"기초 지식이나 사전 경험의 부족, 전문 용어나 기술적 내용(예: 코딩)에 대한 두려움, 학습 속도를 따라가기 어렵다는 우려","AI 도구 활용 방법, 수업 설계 및 교육적 활용 방법, 현장 교사와의 교류",전공연계
미술교육과,3학년,3학년,"기초 수준의 단계별 교육 제공, 전공 및 교과와 연계된 활용 사례 제시","전문 용어나 기술적 내용(예: 코딩)에 대한 두려움, 학습 속도를 따라가기 어렵다는 우려","AI 도구 활용 방법, 수업 설계 및 교육적 활용 방법",활용
미술교육과,4학년,4학년,"실습 중심의 수업 확대, 전공 및 교과와 연계된 활용 사례 제시",전문 용어나 기술적 내용(예: 코딩)에 대한 두려움,"AI 도구 활용 방법, 수업 설계 및 교육적 활용 방법",프롬프트 입력
미술교육과,2학년,2학년,"실습 중심의 수업 확대, 전공 및 교과와 연계된 활용 사례 제시","기초 지식이나 사전 경험의 부족, 전문 용어나 기술적 내용(예: 코딩)에 대한 두려움","코딩 및 앱 개발, AI 도구 활용 방법, AI 윤리 및 책임 있는 활용",AI의 가능성
미술교육과,2학년,2학년,"실습 중심의 수업 확대, 전공 및 교과와 연계된 활용 사례 제시","기초 지식이나 사전 경험의 부족, 임용과 직접 관련되지 않는 수업이라는 우려","코딩 및 앱 개발, 현장 교사와의 교류",디지털
미술교육과,2학년,2학년,"기초 수준의 단계별 교육 제공, 전공 및 교과와 연계된 활용 사례 제시","기초 지식이나 사전 경험의 부족, 전문 용어나 기술적 내용(예: 코딩)에 대한 두려움, 디지털·AI 학습의 필요성에 대한 확신 부족","디지털·AI의 기초 개념과 작동 원리, 코딩 및 앱 개발",윤리 및 책임 있는 활동
미술교육과,3학년,3학년,전공 및 교과와 연계된 활용 사례 제시,"임용과 직접 관련되지 않는 수업이라는 우려, 디지털·AI 학습의 필요성에 대한 확신 부족",수업 설계 및 교육적 활용 방법,디지털 윤리
미술교육과,2학년,2학년,"기초 수준의 단계별 교육 제공, 평가 부담이 낮은 수업 설계",기초 지식이나 사전 경험의 부족,"디지털·AI의 기초 개념과 작동 원리, AI 도구 활용 방법, 수업 설계 및 교육적 활용 방법",AI 작동원리를 이해해야 질문을 잘할 수 있다고 생각한다.
미술교육과,4학년,4학년,정규 교과 내 필수 또는 선택 과목 개설,전문 용어나 기술적 내용(예: 코딩)에 대한 두려움,"디지털·AI의 기초 개념과 작동 원리, AI 도구 활용 방법",AI 도구의 활용방법과 그와 관련된 기본 지식입니다
미술교육과,4학년,4학년,"실습 중심의 수업 확대, 전공 및 교과와 연계된 활용 사례 제시",전문 용어나 기술적 내용(예: 코딩)에 대한 두려움,"디지털·AI의 기초 개념과 작동 원리, AI 도구 활용 방법, 수업 설계 및 교육적 활용 방법, AI 윤리 및 책임 있는 활용, 현장 교사와의 교류",디지털•AI 경험 증진
미술교육과,2학년,2학년,전공 및 교과와 연계된 활용 사례 제시,전문 용어나 기술적 내용(예: 코딩)에 대한 두려움,"디지털·AI의 기초 개념과 작동 원리, AI 도구 활용 방법",AI도구를 활용하기 위한 전문적 지식
미술교육과,2학년,2학년,"기초 수준의 단계별 교육 제공, 실습 중심의 수업 확대, 정규 교과 내 필수 또는 선택 과목 개설","기초 지식이나 사전 경험의 부족, 전문 용어나 기술적 내용(예: 코딩)에 대한 두려움, 학습 속도를 따라가기 어렵다는 우려","디지털·AI의 기초 개념과 작동 원리, 코딩 및 앱 개발, AI 도구 활용 방법, 수업 설계 및 교육적 활용 방법","창의성,저작권"
미술교육과,3학년,3학년,"전공 및 교과와 연계된 활용 사례 제시, 평가 부담이 낮은 수업 설계","기초 지식이나 사전 경험의 부족, 전문 용어나 기술적 내용(예: 코딩)에 대한 두려움, 학습 속도를 따라가기 어렵다는 우려","수업 설계 및 교육적 활용 방법, AI 윤리 및 책임 있는 활용, 현장 교사와의 교류","윤리, 사용 방법과 책임, 부작용"
미술교육과,4학년,4학년,"전공 및 교과와 연계된 활용 사례 제시, 평가 부담이 낮은 수업 설계",전문 용어나 기술적 내용(예: 코딩)에 대한 두려움,"디지털·AI의 기초 개념과 작동 원리, AI 도구 활용 방법, 수업 설계 및 교육적 활용 방법, 현장 교사와의 교류",생활
미술교육과 ,1학년,1학년,기초 수준의 단계별 교육 제공,기초 지식이나 사전 경험의 부족,디지털·AI의 기초 개념과 작동 원리,기초 개념
미술교육과,4학년,4학년,"기초 수준의 단계별 교육 제공, 정규 교과 내 필수 또는 선택 과목 개설","기초 지식이나 사전 경험의 부족, 전문 용어나 기술적 내용(예: 코딩)에 대한 두려움, 학습 속도를 따라가기 어렵다는 우려","디지털·AI의 기초 개념과 작동 원리, AI 도구 활용 방법, 수업 설계 및 교육적 활용 방법, AI 윤리 및 책임 있는 활용",AI윤리 및 책임있는 활용방법 입니다. 학생들도 이미 다양하게 AI를 사용하고 있기 때문입니다. 
미술교육과,1학년,1학년,"기초 수준의 단계별 교육 제공, 실습 중심의 수업 확대","기초 지식이나 사전 경험의 부족, 임용과 직접 관련되지 않는 수업이라는 우려","디지털·AI의 기초 개념과 작동 원리, 코딩 및 앱 개발, AI 도구 활용 방법",AI 제공
체육교육과,졸업생,졸업생 (임용준비중),전공 및 교과와 연계된 활용 사례 제시,전문 용어나 기술적 내용(예: 코딩)에 대한 두려움,AI 도구 활용 방법,기술적 원리와 이해
생물교육과,2학년,2학년,"전공 및 교과와 연계된 활용 사례 제시, 평가 부담이 낮은 수업 설계","전문 용어나 기술적 내용(예: 코딩)에 대한 두려움, 임용과 직접 관련되지 않는 수업이라는 우려","코딩 및 앱 개발, 수업 설계 및 교육적 활용 방법, 현장 교사와의 교류","AI프로그램 무상 제공, AI관련 수업 학점 부담 아에 없이 PASS, UNPASS로 수업 개설"
수학교육과,2학년,2학년,"실습 중심의 수업 확대, 평가 부담이 낮은 수업 설계","기초 지식이나 사전 경험의 부족, 전문 용어나 기술적 내용(예: 코딩)에 대한 두려움, 임용과 직접 관련되지 않는 수업이라는 우려","디지털·AI의 기초 개념과 작동 원리, AI 도구 활용 방법, 수업 설계 및 교육적 활용 방법",올바른 사용법
수학교육과,4학년,4학년,"실습 중심의 수업 확대, 정규 교과 내 필수 또는 선택 과목 개설","기초 지식이나 사전 경험의 부족, 전문 용어나 기술적 내용(예: 코딩)에 대한 두려움","AI 도구 활용 방법, 수업 설계 및 교육적 활용 방법","창의성 강화, 디지털 활용능력"
수학교육과,4학년,4학년,"실습 중심의 수업 확대, 전공 및 교과와 연계된 활용 사례 제시",임용과 직접 관련되지 않는 수업이라는 우려,"디지털·AI의 기초 개념과 작동 원리, 수업 설계 및 교육적 활용 방법",AI
수학교육과,졸업생,졸업생 (현장교사),"기초 수준의 단계별 교육 제공, 실습 중심의 수업 확대, 전공 및 교과와 연계된 활용 사례 제시","학습 속도를 따라가기 어렵다는 우려, 임용과 직접 관련되지 않는 수업이라는 우려, 디지털·AI 학습의 필요성에 대한 확신 부족","디지털·AI의 기초 개념과 작동 원리, 코딩 및 앱 개발",문해력
수학교육과,3학년,3학년,기초 수준의 단계별 교육 제공,전문 용어나 기술적 내용(예: 코딩)에 대한 두려움,디지털·AI의 기초 개념과 작동 원리,어떻게 내가 원하는 답변을 도출 할 수 있는가
수학교육과,3학년,3학년,"기초 수준의 단계별 교육 제공, 실습 중심의 수업 확대","기초 지식이나 사전 경험의 부족, 전문 용어나 기술적 내용(예: 코딩)에 대한 두려움, 임용과 직접 관련되지 않는 수업이라는 우려",AI 도구 활용 방법,AI 기본 활용 방법
수학교육과,2학년,2학년,기초 수준의 단계별 교육 제공,기초 지식이나 사전 경험의 부족,수업 설계 및 교육적 활용 방법,기초
수학교육과,1학년,1학년,"실습 중심의 수업 확대, 전공 및 교과와 연계된 활용 사례 제시","기초 지식이나 사전 경험의 부족, 전문 용어나 기술적 내용(예: 코딩)에 대한 두려움","디지털·AI의 기초 개념과 작동 원리, AI 도구 활용 방법, 수업 설계 및 교육적 활용 방법",AI 기초 개념 원리 확립
수학교육과,졸업생,졸업생 (현장교사),전공 및 교과와 연계된 활용 사례 제시,전문 용어나 기술적 내용(예: 코딩)에 대한 두려움,코딩 및 앱 개발,개인정보
수학교육과,3학년,3학년,"실습 중심의 수업 확대, 전공 및 교과와 연계된 활용 사례 제시","전문 용어나 기술적 내용(예: 코딩)에 대한 두려움, 임용과 직접 관련되지 않는 수업이라는 우려","AI 도구 활용 방법, 수업 설계 및 교육적 활용 방법",전공과의 연결성
수학교육과,4학년,4학년,"기초 수준의 단계별 교육 제공, 전공 및 교과와 연계된 활용 사례 제시",전문 용어나 기술적 내용(예: 코딩)에 대한 두려움,"디지털·AI의 기초 개념과 작동 원리, 수업 설계 및 교육적 활용 방법",무지성 적용 금지
수학교육과,4학년,4학년,"실습 중심의 수업 확대, 평가 부담이 낮은 수업 설계",임용과 직접 관련되지 않는 수업이라는 우려,코딩 및 앱 개발,문해력
수학교육과,2학년,2학년,"실습 중심의 수업 확대, 전공 및 교과와 연계된 활용 사례 제시, 평가 부담이 낮은 수업 설계","전문 용어나 기술적 내용(예: 코딩)에 대한 두려움, 학습 속도를 따라가기 어렵다는 우려","AI 도구 활용 방법, 수업 설계 및 교육적 활용 방법",접근성
수학교육과,3학년,3학년,"실습 중심의 수업 확대, 전공 및 교과와 연계된 활용 사례 제시, 평가 부담이 낮은 수업 설계","기초 지식이나 사전 경험의 부족, 임용과 직접 관련되지 않는 수업이라는 우려, 디지털·AI 학습의 필요성에 대한 확신 부족","AI 도구 활용 방법, 수업 설계 및 교육적 활용 방법, AI 윤리 및 책임 있는 활용","인공지능 소양의 중요성, AI 리터러시, 현장 변화 양상, 예시"
수학교육과,1학년,1학년,"기초 수준의 단계별 교육 제공, 실습 중심의 수업 확대, 평가 부담이 낮은 수업 설계","기초 지식이나 사전 경험의 부족, 전문 용어나 기술적 내용(예: 코딩)에 대한 두려움, 학습 속도를 따라가기 어렵다는 우려","수업 설계 및 교육적 활용 방법, 현장 교사와의 교류",AI에 대한 기초 수준의 학습
수학교육과,졸업생,졸업생 (현장교사),"실습 중심의 수업 확대, 전공 및 교과와 연계된 활용 사례 제시",임용과 직접 관련되지 않는 수업이라는 우려,"AI 도구 활용 방법, 수업 설계 및 교육적 활용 방법, 현장 교사와의 교류","코딩과 같은 전통적인 것을 익히는것에서 chatgpt, 제미나이 등의 활용배우기, 실무에 적합한 구글 앱, 엑셀등의 기능을 익히는것"
수학교육과,2학년,2학년,"실습 중심의 수업 확대, 전공 및 교과와 연계된 활용 사례 제시","기초 지식이나 사전 경험의 부족, 임용과 직접 관련되지 않는 수업이라는 우려","코딩 및 앱 개발, AI 도구 활용 방법, 수업 설계 및 교육적 활용 방법",다양한 강의 제공
수학교육과,3학년,3학년,"기초 수준의 단계별 교육 제공, 실습 중심의 수업 확대","전문 용어나 기술적 내용(예: 코딩)에 대한 두려움, 학습 속도를 따라가기 어렵다는 우려","AI 도구 활용 방법, 수업 설계 및 교육적 활용 방법",AI 올바르게 사용하기
수학교육과,2학년,2학년,기초 수준의 단계별 교육 제공,학습 속도를 따라가기 어렵다는 우려,AI 도구 활용 방법,프롬포트작성법
수학교육과,2학년,2학년,"기초 수준의 단계별 교육 제공, 정규 교과 내 필수 또는 선택 과목 개설","전문 용어나 기술적 내용(예: 코딩)에 대한 두려움, 임용과 직접 관련되지 않는 수업이라는 우려","디지털·AI의 기초 개념과 작동 원리, AI 도구 활용 방법, 현장 교사와의 교류",기본 활용법
수학교육과,2학년,2학년,"실습 중심의 수업 확대, 평가 부담이 낮은 수업 설계, 정규 교과 내 필수 또는 선택 과목 개설","기초 지식이나 사전 경험의 부족, 디지털·AI 학습의 필요성에 대한 확신 부족","코딩 및 앱 개발, AI 도구 활용 방법, 현장 교사와의 교류",실습
수학교육과,1학년,1학년,"기초 수준의 단계별 교육 제공, 전공 및 교과와 연계된 활용 사례 제시","기초 지식이나 사전 경험의 부족, 전문 용어나 기술적 내용(예: 코딩)에 대한 두려움","수업 설계 및 교육적 활용 방법, AI 윤리 및 책임 있는 활용",다양한 접근
수학교육과,2학년,2학년,"실습 중심의 수업 확대, 평가 부담이 낮은 수업 설계","학습 속도를 따라가기 어렵다는 우려, 임용과 직접 관련되지 않는 수업이라는 우려","수업 설계 및 교육적 활용 방법, AI 윤리 및 책임 있는 활용",응용
수학교육과,3학년,3학년,실습 중심의 수업 확대,전문 용어나 기술적 내용(예: 코딩)에 대한 두려움,AI 도구 활용 방법,직접적인 활용법
수학교육과,4학년,4학년,"실습 중심의 수업 확대, 전공 및 교과와 연계된 활용 사례 제시, 정규 교과 내 필수 또는 선택 과목 개설","기초 지식이나 사전 경험의 부족, 전문 용어나 기술적 내용(예: 코딩)에 대한 두려움","디지털·AI의 기초 개념과 작동 원리, AI 도구 활용 방법",실습 중심의 수업
수학교육과,1학년,1학년,"실습 중심의 수업 확대, 전공 및 교과와 연계된 활용 사례 제시, 정규 교과 내 필수 또는 선택 과목 개설","기초 지식이나 사전 경험의 부족, 전문 용어나 기술적 내용(예: 코딩)에 대한 두려움, 임용과 직접 관련되지 않는 수업이라는 우려","디지털·AI의 기초 개념과 작동 원리, AI 도구 활용 방법, 수업 설계 및 교육적 활용 방법",교양과목 개설
수학교육과,2학년,2학년,실습 중심의 수업 확대,전문 용어나 기술적 내용(예: 코딩)에 대한 두려움,AI 도구 활용 방법,No Response
수학교육과,4학년,4학년,"실습 중심의 수업 확대, 평가 부담이 낮은 수업 설계",기초 지식이나 사전 경험의 부족,"AI 도구 활용 방법, 수업 설계 및 교육적 활용 방법",참여 기회 확대
수학교육과,2학년,2학년,"기초 수준의 단계별 교육 제공, 전공 및 교과와 연계된 활용 사례 제시, 평가 부담이 낮은 수업 설계","전문 용어나 기술적 내용(예: 코딩)에 대한 두려움, 학습 속도를 따라가기 어렵다는 우려","AI 도구 활용 방법, 수업 설계 및 교육적 활용 방법",수업시간에 자연스럽게 활용
수학교육과,2학년,2학년,"실습 중심의 수업 확대, 전공 및 교과와 연계된 활용 사례 제시","기초 지식이나 사전 경험의 부족, 전문 용어나 기술적 내용(예: 코딩)에 대한 두려움, 임용과 직접 관련되지 않는 수업이라는 우려","AI 도구 활용 방법, 수업 설계 및 교육적 활용 방법, 현장 교사와의 교류","과목별로 AI가 어떻게 쓰이는지, 어떤 종류의 AI가 있는지"
수학교육과,졸업생,졸업생 (현장교사),"실습 중심의 수업 확대, 전공 및 교과와 연계된 활용 사례 제시",임용과 직접 관련되지 않는 수업이라는 우려,"디지털·AI의 기초 개념과 작동 원리, 코딩 및 앱 개발, AI 도구 활용 방법",AI의 개념 및 원리
수학교육과,3학년,3학년,"실습 중심의 수업 확대, 전공 및 교과와 연계된 활용 사례 제시, 평가 부담이 낮은 수업 설계","전문 용어나 기술적 내용(예: 코딩)에 대한 두려움, 임용과 직접 관련되지 않는 수업이라는 우려","AI 도구 활용 방법, 수업 설계 및 교육적 활용 방법, 현장 교사와의 교류","경험, 다양성"
수학교육과,1학년,1학년,"평가 부담이 낮은 수업 설계, 정규 교과 내 필수 또는 선택 과목 개설","기초 지식이나 사전 경험의 부족, 디지털·AI 학습의 필요성에 대한 확신 부족",AI 도구 활용 방법,수업개강
수학교육과 ,졸업생,졸업생 (현장교사),"실습 중심의 수업 확대, 전공 및 교과와 연계된 활용 사례 제시","기초 지식이나 사전 경험의 부족, 전문 용어나 기술적 내용(예: 코딩)에 대한 두려움","코딩 및 앱 개발, 수업 설계 및 교육적 활용 방법",다양한 AI 코드 작성 활용 방안
역사교육과,2학년,2학년,"기초 수준의 단계별 교육 제공, 평가 부담이 낮은 수업 설계","기초 지식이나 사전 경험의 부족, 전문 용어나 기술적 내용(예: 코딩)에 대한 두려움, 임용과 직접 관련되지 않는 수업이라는 우려","디지털·AI의 기초 개념과 작동 원리, AI 도구 활용 방법, 수업 설계 및 교육적 활용 방법, 현장 교사와의 교류","부담감 완화, 편안"
역사교육과,1학년,1학년,"실습 중심의 수업 확대, 평가 부담이 낮은 수업 설계","기초 지식이나 사전 경험의 부족, 전문 용어나 기술적 내용(예: 코딩)에 대한 두려움","AI 도구 활용 방법, 수업 설계 및 교육적 활용 방법",무조건적인 AI사용은 옳지않다는 것을 가장 먼저 가르쳐야 한다고 생각함
역사교육과,3학년,3학년,"실습 중심의 수업 확대, 전공 및 교과와 연계된 활용 사례 제시, 평가 부담이 낮은 수업 설계","기초 지식이나 사전 경험의 부족, 전문 용어나 기술적 내용(예: 코딩)에 대한 두려움","수업 설계 및 교육적 활용 방법, AI 윤리 및 책임 있는 활용",실습
영어교육과,4학년,4학년,"기초 수준의 단계별 교육 제공, 실습 중심의 수업 확대, 전공 및 교과와 연계된 활용 사례 제시, 평가 부담이 낮은 수업 설계, 정규 교과 내 필수 또는 선택 과목 개설","기초 지식이나 사전 경험의 부족, 전문 용어나 기술적 내용(예: 코딩)에 대한 두려움","디지털·AI의 기초 개념과 작동 원리, AI 도구 활용 방법, 수업 설계 및 교육적 활용 방법","윤리 및 비판적 수용 능력에 대한 요소, 실제 기술 활용 역량"
영어교육과,1학년,1학년,실습 중심의 수업 확대,기초 지식이나 사전 경험의 부족,수업 설계 및 교육적 활용 방법,AI학습 강의
영어교육과,2학년,2학년,"전공 및 교과와 연계된 활용 사례 제시, 평가 부담이 낮은 수업 설계","기초 지식이나 사전 경험의 부족, 전문 용어나 기술적 내용(예: 코딩)에 대한 두려움, 학습 속도를 따라가기 어렵다는 우려","디지털·AI의 기초 개념과 작동 원리, 코딩 및 앱 개발, AI 도구 활용 방법",필요성
영어교육과,4학년,4학년,"평가 부담이 낮은 수업 설계, 정규 교과 내 필수 또는 선택 과목 개설","기초 지식이나 사전 경험의 부족, 전문 용어나 기술적 내용(예: 코딩)에 대한 두려움","코딩 및 앱 개발, AI 도구 활용 방법, 수업 설계 및 교육적 활용 방법",AI 활용 사례를 경험하고 자신의 진로에 직접 적용시키는 활동
영어교육과,2학년,2학년,"기초 수준의 단계별 교육 제공, 전공 및 교과와 연계된 활용 사례 제시, 정규 교과 내 필수 또는 선택 과목 개설","기초 지식이나 사전 경험의 부족, 전문 용어나 기술적 내용(예: 코딩)에 대한 두려움","디지털·AI의 기초 개념과 작동 원리, 코딩 및 앱 개발, AI 도구 활용 방법",기초강화방법
영어교육과,4학년,4학년,전공 및 교과와 연계된 활용 사례 제시,"전문 용어나 기술적 내용(예: 코딩)에 대한 두려움, 임용과 직접 관련되지 않는 수업이라는 우려","AI 도구 활용 방법, 수업 설계 및 교육적 활용 방법",실제 활용 가능성
영어교육과,3학년,3학년,"기초 수준의 단계별 교육 제공, 전공 및 교과와 연계된 활용 사례 제시","기초 지식이나 사전 경험의 부족, 전문 용어나 기술적 내용(예: 코딩)에 대한 두려움, 학습 속도를 따라가기 어렵다는 우려","AI 도구 활용 방법, 수업 설계 및 교육적 활용 방법",낮은 평가부담과 기초적 수준부터의 단계적 수업
영어교육과,4학년,4학년,"기초 수준의 단계별 교육 제공, 전공 및 교과와 연계된 활용 사례 제시",디지털·AI 학습의 필요성에 대한 확신 부족,"디지털·AI의 기초 개념과 작동 원리, AI 윤리 및 책임 있는 활용",AI 윤리
영어교육과,4학년,4학년,"실습 중심의 수업 확대, 전공 및 교과와 연계된 활용 사례 제시","기초 지식이나 사전 경험의 부족, 전문 용어나 기술적 내용(예: 코딩)에 대한 두려움","AI 도구 활용 방법, 수업 설계 및 교육적 활용 방법, 현장 교사와의 교류",실용성
영어교육과,1학년,1학년,"실습 중심의 수업 확대, 전공 및 교과와 연계된 활용 사례 제시, 평가 부담이 낮은 수업 설계","기초 지식이나 사전 경험의 부족, 전문 용어나 기술적 내용(예: 코딩)에 대한 두려움, 학습 속도를 따라가기 어렵다는 우려, 임용과 직접 관련되지 않는 수업이라는 우려","디지털·AI의 기초 개념과 작동 원리, AI 도구 활용 방법, 수업 설계 및 교육적 활용 방법",자기주도적 학습
영어교육과,2학년,2학년,정규 교과 내 필수 또는 선택 과목 개설,기초 지식이나 사전 경험의 부족,디지털·AI의 기초 개념과 작동 원리,이론적인 교육보다 실용적인 교육을 실시해야 한다고 생각합니다
영어교육과,1학년,1학년,"기초 수준의 단계별 교육 제공, 전공 및 교과와 연계된 활용 사례 제시, 평가 부담이 낮은 수업 설계","기초 지식이나 사전 경험의 부족, 전문 용어나 기술적 내용(예: 코딩)에 대한 두려움, 학습 속도를 따라가기 어렵다는 우려, 임용과 직접 관련되지 않는 수업이라는 우려","디지털·AI의 기초 개념과 작동 원리, 수업 설계 및 교육적 활용 방법, 현장 교사와의 교류",기초적인 활용 방안
영어교육과,2학년,2학년,"기초 수준의 단계별 교육 제공, 실습 중심의 수업 확대, 평가 부담이 낮은 수업 설계",전문 용어나 기술적 내용(예: 코딩)에 대한 두려움,"AI 도구 활용 방법, 수업 설계 및 교육적 활용 방법",수준별 맞춤 학습
영어교육과,2학년,2학년,전공 및 교과와 연계된 활용 사례 제시,"기초 지식이나 사전 경험의 부족, 전문 용어나 기술적 내용(예: 코딩)에 대한 두려움","코딩 및 앱 개발, AI 도구 활용 방법","사고력, 판단역"
영어교육과,2학년,2학년,전공 및 교과와 연계된 활용 사례 제시,"전문 용어나 기술적 내용(예: 코딩)에 대한 두려움, 학습 속도를 따라가기 어렵다는 우려","AI 도구 활용 방법, 수업 설계 및 교육적 활용 방법",비판적 사고 영역
영어교육과,1학년,1학년,평가 부담이 낮은 수업 설계,"기초 지식이나 사전 경험의 부족, 전문 용어나 기술적 내용(예: 코딩)에 대한 두려움, 학습 속도를 따라가기 어렵다는 우려",수업 설계 및 교육적 활용 방법,디지털 윤리
영어교육과,2학년,2학년,"기초 수준의 단계별 교육 제공, 실습 중심의 수업 확대, 전공 및 교과와 연계된 활용 사례 제시","전문 용어나 기술적 내용(예: 코딩)에 대한 두려움, 디지털·AI 학습의 필요성에 대한 확신 부족","AI 도구 활용 방법, 수업 설계 및 교육적 활용 방법",기본적인 문해력
영어교육과,2학년,2학년,"실습 중심의 수업 확대, 정규 교과 내 필수 또는 선택 과목 개설","전문 용어나 기술적 내용(예: 코딩)에 대한 두려움, 임용과 직접 관련되지 않는 수업이라는 우려","AI 도구 활용 방법, 수업 설계 및 교육적 활용 방법","비판적 사고, 디지털 시민성"
영어교육과,1학년,1학년,"실습 중심의 수업 확대, 정규 교과 내 필수 또는 선택 과목 개설","전문 용어나 기술적 내용(예: 코딩)에 대한 두려움, 임용과 직접 관련되지 않는 수업이라는 우려","AI 도구 활용 방법, 현장 교사와의 교류",디지털 도구를 활용한 교수 방법
영어교육과,3학년,3학년,"실습 중심의 수업 확대, 전공 및 교과와 연계된 활용 사례 제시",전문 용어나 기술적 내용(예: 코딩)에 대한 두려움,"코딩 및 앱 개발, 수업 설계 및 교육적 활용 방법, AI 윤리 및 책임 있는 활용","요즘은 챗지피티, 제미나이 등 생성형 AI를 사용하지 않는 대학생을 찾아보기 어려울 정도로 사용자가 많습니다. 저도 매일 생성형 AI를 학습 도우미로서 이용하고 있습니다. 이 생성형 AI를 어떻게 이용하면, 어떤 프롬프트를 입력해야 보다 효율적인 답변을 얻을 수 있는지에 대한 메뉴얼을 제공하면 좋을 것 같습니다.
또한 AI 사용에 대한 문제 인지가 중요하다고 생각합니다. AI 사용에 뒤따르는 윤리, 책임, 환경, 저작권 등에 경각심을 지녀야 한다고 생각합니다."
영어교육과,3학년,3학년,"기초 수준의 단계별 교육 제공, 실습 중심의 수업 확대",어려움을 느끼지 않음,"AI 도구 활용 방법, 수업 설계 및 교육적 활용 방법",No Response
영어교육과,4학년,4학년,"기초 수준의 단계별 교육 제공, 실습 중심의 수업 확대, 전공 및 교과와 연계된 활용 사례 제시, 정규 교과 내 필수 또는 선택 과목 개설","기초 지식이나 사전 경험의 부족, 전문 용어나 기술적 내용(예: 코딩)에 대한 두려움","디지털·AI의 기초 개념과 작동 원리, 코딩 및 앱 개발, AI 도구 활용 방법, 수업 설계 및 교육적 활용 방법, AI 윤리 및 책임 있는 활용, 현장 교사와의 교류",AI 윤리적 활용
영어교육과,졸업생,졸업생 (임용준비중),"기초 수준의 단계별 교육 제공, 실습 중심의 수업 확대",기초 지식이나 사전 경험의 부족,"수업 설계 및 교육적 활용 방법, AI 윤리 및 책임 있는 활용","AI윤리
개인맞춤형 지원"
영어교육과,4학년,4학년,"실습 중심의 수업 확대, 전공 및 교과와 연계된 활용 사례 제시","기초 지식이나 사전 경험의 부족, 전문 용어나 기술적 내용(예: 코딩)에 대한 두려움","코딩 및 앱 개발, 수업 설계 및 교육적 활용 방법, AI 윤리 및 책임 있는 활용","AI 윤리, 맞춤형 활용"
영어교육과,졸업생,졸업생 (임용준비중),"실습 중심의 수업 확대, 전공 및 교과와 연계된 활용 사례 제시, 정규 교과 내 필수 또는 선택 과목 개설","기초 지식이나 사전 경험의 부족, 전문 용어나 기술적 내용(예: 코딩)에 대한 두려움","코딩 및 앱 개발, AI 도구 활용 방법",차근차근 반복하는 것
영어교육과,졸업생,졸업생 (임용준비중),"기초 수준의 단계별 교육 제공, 실습 중심의 수업 확대, 평가 부담이 낮은 수업 설계","기초 지식이나 사전 경험의 부족, 전문 용어나 기술적 내용(예: 코딩)에 대한 두려움","AI 도구 활용 방법, AI 윤리 및 책임 있는 활용","AI윤리, AI활용역량"
영어교육과,졸업생,졸업생 (임용준비중),"실습 중심의 수업 확대, 전공 및 교과와 연계된 활용 사례 제시","전문 용어나 기술적 내용(예: 코딩)에 대한 두려움, 임용과 직접 관련되지 않는 수업이라는 우려",수업 설계 및 교육적 활용 방법,비판적 활용 능력
영어교육과,졸업생,졸업생 (현장교사),전공 및 교과와 연계된 활용 사례 제시,전문 용어나 기술적 내용(예: 코딩)에 대한 두려움,"코딩 및 앱 개발, 수업 설계 및 교육적 활용 방법",AI도구 
일어교육과,4학년,4학년,"기초 수준의 단계별 교육 제공, 실습 중심의 수업 확대, 정규 교과 내 필수 또는 선택 과목 개설","전문 용어나 기술적 내용(예: 코딩)에 대한 두려움, 임용과 직접 관련되지 않는 수업이라는 우려, 디지털·AI 학습의 필요성에 대한 확신 부족","AI 도구 활용 방법, 수업 설계 및 교육적 활용 방법, 현장 교사와의 교류","AI와의 소통과 활용 방법을 배우고, 수업 구성에 어떻게 사용하면 좋은지 과목별로 현장교사(디지털/AI사용에 경험이 많은)와 교류를 통해 필오성을 느껴야 하는게 우선이라 생각됩니다. 임용에는 필요하지 않지만 실무에서도 꽤 지엽적인 부분이라 필요성을 강조하기보다는 이러한 활용을 통해 타 교사들보다 발전가능성이 높아진다는 점을 강조해야할 것같습니다."
체육교육과,4학년,4학년,"실습 중심의 수업 확대, 평가 부담이 낮은 수업 설계",전문 용어나 기술적 내용(예: 코딩)에 대한 두려움,"디지털·AI의 기초 개념과 작동 원리, AI 도구 활용 방법","기본적인 지식, 활용법"
체육교육과,1학년,1학년,"실습 중심의 수업 확대, 전공 및 교과와 연계된 활용 사례 제시, 서로 간의 신뢰를 쌓을 수 있는 프로그램","기초 지식이나 사전 경험의 부족, 전문 용어나 기술적 내용(예: 코딩)에 대한 두려움","수업 설계 및 교육적 활용 방법, AI 윤리 및 책임 있는 활용, 현장 교사와의 교류",신뢰
체육교육과,3학년,3학년,"기초 수준의 단계별 교육 제공, 실습 중심의 수업 확대, 전공 및 교과와 연계된 활용 사례 제시, 평가 부담이 낮은 수업 설계, 정규 교과 내 필수 또는 선택 과목 개설","기초 지식이나 사전 경험의 부족, 전문 용어나 기술적 내용(예: 코딩)에 대한 두려움, 학습 속도를 따라가기 어렵다는 우려, 임용과 직접 관련되지 않는 수업이라는 우려, 디지털·AI 학습의 필요성에 대한 확신 부족","디지털·AI의 기초 개념과 작동 원리, 코딩 및 앱 개발, AI 도구 활용 방법, 수업 설계 및 교육적 활용 방법, AI 윤리 및 책임 있는 활용",디지털 리터러시 교육
체육교육과,4학년,4학년,"기초 수준의 단계별 교육 제공, 전공 및 교과와 연계된 활용 사례 제시",전문 용어나 기술적 내용(예: 코딩)에 대한 두려움,"디지털·AI의 기초 개념과 작동 원리, AI 도구 활용 방법, 수업 설계 및 교육적 활용 방법",올바른 활용 방법
체육교육과,3학년,3학년,"전공 및 교과와 연계된 활용 사례 제시, 평가 부담이 낮은 수업 설계","전문 용어나 기술적 내용(예: 코딩)에 대한 두려움, 임용과 직접 관련되지 않는 수업이라는 우려","AI 도구 활용 방법, 수업 설계 및 교육적 활용 방법",분별력
체육교육과,1학년,1학년,"실습 중심의 수업 확대, 전공 및 교과와 연계된 활용 사례 제시","기초 지식이나 사전 경험의 부족, 전문 용어나 기술적 내용(예: 코딩)에 대한 두려움","디지털·AI의 기초 개념과 작동 원리, 수업 설계 및 교육적 활용 방법","기초 문해력 수업등의 디지털을 제외한 수업을 제공하고 그 후에 AI를 기술적, 내재화 할 수 있게 실력을 향상 시킬 수 있는 수업을 제공하여 문해력의 부족을 보완하면서 동시에 AI 트렌드를 따라갈 수 있는 체계로 운영될 수 있다면 좋겠다고 생각된다."
체육교육과,1학년,1학년,"기초 수준의 단계별 교육 제공, 평가 부담이 낮은 수업 설계","기초 지식이나 사전 경험의 부족, 전문 용어나 기술적 내용(예: 코딩)에 대한 두려움, 학습 속도를 따라가기 어렵다는 우려","디지털·AI의 기초 개념과 작동 원리, AI 도구 활용 방법",AI에 대한 기초 개념 이해
화학교육과,졸업생,졸업생 (임용준비중),"기초 수준의 단계별 교육 제공, 실습 중심의 수업 확대, 전공 및 교과와 연계된 활용 사례 제시, 평가 부담이 낮은 수업 설계, 정규 교과 내 필수 또는 선택 과목 개설","전문 용어나 기술적 내용(예: 코딩)에 대한 두려움, 학습 속도를 따라가기 어렵다는 우려","코딩 및 앱 개발, 수업 설계 및 교육적 활용 방법, AI 윤리 및 책임 있는 활용, 현장 교사와의 교류",실제 경험 가능한 다양한 배움 기회
화학교육과,4학년,4학년,기초 수준의 단계별 교육 제공,임용과 직접 관련되지 않는 수업이라는 우려,수업 설계 및 교육적 활용 방법,가이드
화학교육과,2학년,2학년,전공 및 교과와 연계된 활용 사례 제시,전문 용어나 기술적 내용(예: 코딩)에 대한 두려움,수업 설계 및 교육적 활용 방법,유료 버전 지원
화학교육과,4학년,4학년,"기초 수준의 단계별 교육 제공, 전공 및 교과와 연계된 활용 사례 제시, 평가 부담이 낮은 수업 설계","전문 용어나 기술적 내용(예: 코딩)에 대한 두려움, 임용과 직접 관련되지 않는 수업이라는 우려","디지털·AI의 기초 개념과 작동 원리, 코딩 및 앱 개발, 수업 설계 및 교육적 활용 방법, 현장 교사와의 교류",실제 수업에 AI를 접목할 수 있는 역량을 키울 수 있는 수업
화학교육과,3학년,3학년,"실습 중심의 수업 확대, 평가 부담이 낮은 수업 설계","기초 지식이나 사전 경험의 부족, 전문 용어나 기술적 내용(예: 코딩)에 대한 두려움","AI 도구 활용 방법, AI 윤리 및 책임 있는 활용",공감
화학교육과,1학년,1학년,"기초 수준의 단계별 교육 제공, 실습 중심의 수업 확대, 전공 및 교과와 연계된 활용 사례 제시, 평가 부담이 낮은 수업 설계, 정규 교과 내 필수 또는 선택 과목 개설","전문 용어나 기술적 내용(예: 코딩)에 대한 두려움, 학습 속도를 따라가기 어렵다는 우려, 임용과 직접 관련되지 않는 수업이라는 우려","디지털·AI의 기초 개념과 작동 원리, AI 도구 활용 방법, 수업 설계 및 교육적 활용 방법, AI 윤리 및 책임 있는 활용, 현장 교사와의 교류",기초 교육 
화학교육과,3학년,3학년,"전공 및 교과와 연계된 활용 사례 제시, 평가 부담이 낮은 수업 설계","전문 용어나 기술적 내용(예: 코딩)에 대한 두려움, 임용과 직접 관련되지 않는 수업이라는 우려","AI 도구 활용 방법, 수업 설계 및 교육적 활용 방법",디지털 리터러시
화학교육과,3학년,3학년,실습 중심의 수업 확대,"기초 지식이나 사전 경험의 부족, 전문 용어나 기술적 내용(예: 코딩)에 대한 두려움","디지털·AI의 기초 개념과 작동 원리, 수업 설계 및 교육적 활용 방법","디지털,AI의 필요성 강조 및 기초지식 강의"
화학교육과,3학년,3학년,기초 수준의 단계별 교육 제공,전문 용어나 기술적 내용(예: 코딩)에 대한 두려움,수업 설계 및 교육적 활용 방법,유료 결제 지원
화학교육과,2학년,2학년,실습 중심의 수업 확대,"기초 지식이나 사전 경험의 부족, 전문 용어나 기술적 내용(예: 코딩)에 대한 두려움","코딩 및 앱 개발, AI 도구 활용 방법, 수업 설계 및 교육적 활용 방법, AI 윤리 및 책임 있는 활용",디지털 리터러시 역량 강화
화학교육과,2학년,2학년,실습 중심의 수업 확대,"전문 용어나 기술적 내용(예: 코딩)에 대한 두려움, 학습 속도를 따라가기 어렵다는 우려","코딩 및 앱 개발, AI 도구 활용 방법",인공지능 활용법
화학교육과,3학년,3학년,"기초 수준의 단계별 교육 제공, 전공 및 교과와 연계된 활용 사례 제시",임용과 직접 관련되지 않는 수업이라는 우려,AI 도구 활용 방법,활용 방안
화학교육과,4학년,4학년,정규 교과 내 필수 또는 선택 과목 개설,"기초 지식이나 사전 경험의 부족, 디지털·AI 학습의 필요성에 대한 확신 부족","AI 도구 활용 방법, AI 윤리 및 책임 있는 활용",비판적 사고
화학교육과,졸업생,졸업생 (현장교사),"기초 수준의 단계별 교육 제공, 실습 중심의 수업 확대, 전공 및 교과와 연계된 활용 사례 제시, 평가 부담이 낮은 수업 설계, 정규 교과 내 필수 또는 선택 과목 개설","기초 지식이나 사전 경험의 부족, 전문 용어나 기술적 내용(예: 코딩)에 대한 두려움, 학습 속도를 따라가기 어렵다는 우려, 임용과 직접 관련되지 않는 수업이라는 우려, 디지털·AI 학습의 필요성에 대한 확신 부족","디지털·AI의 기초 개념과 작동 원리, 코딩 및 앱 개발, AI 도구 활용 방법, 수업 설계 및 교육적 활용 방법, AI 윤리 및 책임 있는 활용, 현장 교사와의 교류",디지털 리터러시 역량
화학교육과,졸업생,졸업생 (임용준비중),전공 및 교과와 연계된 활용 사례 제시,전문 용어나 기술적 내용(예: 코딩)에 대한 두려움,현장 교사와의 교류,활용 방안
화학교육과,졸업생,졸업생 (임용준비중),"기초 수준의 단계별 교육 제공, 실습 중심의 수업 확대","기초 지식이나 사전 경험의 부족, 임용과 직접 관련되지 않는 수업이라는 우려","코딩 및 앱 개발, 수업 설계 및 교육적 활용 방법",비판적사고
화학교육과,졸업생,졸업생 (임용준비중),"기초 수준의 단계별 교육 제공, 실습 중심의 수업 확대, 전공 및 교과와 연계된 활용 사례 제시, 평가 부담이 낮은 수업 설계","기초 지식이나 사전 경험의 부족, 전문 용어나 기술적 내용(예: 코딩)에 대한 두려움, 임용과 직접 관련되지 않는 수업이라는 우려","디지털·AI의 기초 개념과 작동 원리, AI 도구 활용 방법, 수업 설계 및 교육적 활용 방법, AI 윤리 및 책임 있는 활용, 현장 교사와의 교류",에듀테크 활용 수업 방안
화학교육과,졸업생,졸업생 (임용준비중),"전공 및 교과와 연계된 활용 사례 제시, AI 프로그램 구현 교육",임용과 직접 관련되지 않는 수업이라는 우려,"코딩 및 앱 개발, AI 도구 활용 방법, 수업 설계 및 교육적 활용 방법, AI 윤리 및 책임 있는 활용","정보 처리 능력(정보의 진짜가짜를 판단하고, 원하는 내용만을 추출)"
화학교육과,졸업생,졸업생 (임용준비중),"실습 중심의 수업 확대, 전공 및 교과와 연계된 활용 사례 제시",전문 용어나 기술적 내용(예: 코딩)에 대한 두려움,"AI 도구 활용 방법, 수업 설계 및 교육적 활용 방법",비판적 사고