Timestamp,Field_Group,Year_Level,B1,B1O,B2,B2O,B3,B3O,B4
1/19/2026 11:04:30,제어로봇공학과,2학년,"실습 중심의 수업 확대, 전공 및 교과와 연계된 활용 사례 제시",No Response,"기초 지식이나 사전 경험의 부족, 학습 속도를 따라가기 어렵다는 우려",No Response,"디지털·AI의 기초 개념과 작동 원리, 코딩 및 앱 개발",No Response,체험
1/19/2026 11:06:26,제어로봇공학과,3학년,"기초 수준의 단계별 교육 제공, 실습 중심의 수업 확대",No Response,기초 지식이나 사전 경험의 부족,No Response,"디지털·AI의 기초 개념과 작동 원리, 코딩 및 앱 개발, AI 도구 활용 방법",No Response,AI를 효율적으로 사용할 수 있는 방법이나 연계되어 직업으로 까지 적용할 수 있는 방향성 이라고 생각합니다
1/19/2026 11:14:21,제어로봇공학과,2학년,"기초 수준의 단계별 교육 제공, 실습 중심의 수업 확대",No Response,"전문 용어나 기술적 내용(예: 코딩)에 대한 두려움, 학습 속도를 따라가기 어렵다는 우려",No Response,"디지털·AI의 기초 개념과 작동 원리, AI 도구 활용 방법, 수업 설계 및 교육적 활용 방법",No Response,기초
1/19/2026 11:15:00,제어로봇공학과,3학년,"기초 수준의 단계별 교육 제공, 정규 교과 내 필수 또는 선택 과목 개설",No Response,"기초 지식이나 사전 경험의 부족, 학습 속도를 따라가기 어렵다는 우려",No Response,"디지털·AI의 기초 개념과 작동 원리, 코딩 및 앱 개발, AI 도구 활용 방법",No Response,"기본지식, 심화학습"
1/19/2026 11:21:12,제어로봇공학과,4학년,"기초 수준의 단계별 교육 제공, 정규 교과 내 필수 또는 선택 과목 개설",No Response,"기초 지식이나 사전 경험의 부족, 전문 용어나 기술적 내용(예: 코딩)에 대한 두려움, 학습 속도를 따라가기 어렵다는 우려",No Response,"디지털·AI의 기초 개념과 작동 원리, 코딩 및 앱 개발",No Response,c언어의 기초
1/19/2026 11:26:02,제어로봇공학과,3학년,"기초 수준의 단계별 교육 제공, 실습 중심의 수업 확대",No Response,"전문 용어나 기술적 내용(예: 코딩)에 대한 두려움, 학습 속도를 따라가기 어렵다는 우려",No Response,"코딩 및 앱 개발, AI 도구 활용 방법",No Response,인공지능 
1/19/2026 11:55:59, AI정보공학과,4학년,전공 및 교과와 연계된 활용 사례 제시,No Response,"기초 지식이나 사전 경험의 부족, 전문 용어나 기술적 내용(예: 코딩)에 대한 두려움, 학습 속도를 따라가기 어렵다는 우려, 일자리와 직접 관련되지 않는 수업이라는 우려",No Response,"코딩 및 앱 개발, AI 도구 활용 방법, 현장 엔지니어(공학자)와의 교류",No Response,생각할 힘 가지기
1/19/2026 11:57:43,제어로봇공학과,3학년,평가 부담이 낮은 수업 설계,No Response,"전문 용어나 기술적 내용(예: 코딩)에 대한 두려움, 일자리와 직접 관련되지 않는 수업이라는 우려",No Response,"디지털·AI의 기초 개념과 작동 원리, AI 도구 활용 방법",No Response,인턴쉽 기회 증가
1/19/2026 12:00:55,항공우주소프트웨어공학,대학원생,"실습 중심의 수업 확대, 평가 부담이 낮은 수업 설계",No Response,"일자리와 직접 관련되지 않는 수업이라는 우려, 디지털·AI 학습의 필요성에 대한 확신 부족",No Response,"코딩 및 앱 개발, AI 도구 활용 방법, 현장 엔지니어(공학자)와의 교류",No Response,"비판적 사고, 디지털 윤리, 그리고 인공지능의 책임 있는 활용 역량."
1/19/2026 12:06:40,제어로봇공학과,2학년,평가 부담이 낮은 수업 설계,No Response,"기초 지식이나 사전 경험의 부족, 학습 속도를 따라가기 어렵다는 우려",No Response,"AI 도구 활용 방법, 수업 설계 및 교육적 활용 방법",No Response,Ai툴 무료제공
1/19/2026 12:07:07,제어로봇공학과 ,3학년,"기초 수준의 단계별 교육 제공, 실습 중심의 수업 확대, 전공 및 교과와 연계된 활용 사례 제시",No Response,"기초 지식이나 사전 경험의 부족, 전문 용어나 기술적 내용(예: 코딩)에 대한 두려움, 학습 속도를 따라가기 어렵다는 우려",No Response,"디지털·AI의 기초 개념과 작동 원리, 코딩 및 앱 개발, AI 도구 활용 방법, 현장 엔지니어(공학자)와의 교류",No Response,활용
1/19/2026 12:39:13,제어로봇공학과,3학년,"실습 중심의 수업 확대, 전공 및 교과와 연계된 활용 사례 제시",No Response,"전문 용어나 기술적 내용(예: 코딩)에 대한 두려움, 학습 속도를 따라가기 어렵다는 우려",No Response,"코딩 및 앱 개발, 수업 설계 및 교육적 활용 방법",No Response,유료버전 이용 혜택
1/19/2026 12:56:54,제어로봇공학과,3학년,"기초 수준의 단계별 교육 제공, 실습 중심의 수업 확대",No Response,"기초 지식이나 사전 경험의 부족, 전문 용어나 기술적 내용(예: 코딩)에 대한 두려움, 디지털·AI 학습의 필요성에 대한 확신 부족",No Response,"디지털·AI의 기초 개념과 작동 원리, AI 도구 활용 방법",No Response,기초
1/19/2026 13:19:32,AI정보공학과,1학년,"기초 수준의 단계별 교육 제공, 실습 중심의 수업 확대",No Response,기초 지식이나 사전 경험의 부족,ai가 내놓은 답의 정확성에 대한 의심,AI 도구 활용 방법,No Response,No Response
1/19/2026 13:23:38,AI융합공학과,대학원생,"실습 중심의 수업 확대, 전공 및 교과와 연계된 활용 사례 제시, 정규 교과 내 필수 또는 선택 과목 개설",No Response,기타,너무 많은 AI툴이 나와 뭘 써야할지 부담됩니다,코딩 및 앱 개발,실제 의미가 남는 프로젝트를 하면 좋겠습니다,접근 기회를 늘린다
1/19/2026 13:25:39,AI정보공학과,3학년,전공 및 교과와 연계된 활용 사례 제시,No Response,디지털·AI 학습의 필요성에 대한 확신 부족,No Response,AI 도구 활용 방법,No Response,Input Output
1/19/2026 13:29:46,제어로봇공학과,3학년,전공 및 교과와 연계된 활용 사례 제시,No Response,일자리와 직접 관련되지 않는 수업이라는 우려,No Response,AI 윤리 및 책임 있는 활용,No Response,전공 확대
1/19/2026 13:32:06,소프트웨어공학과,1학년,실습 중심의 수업 확대,No Response,일자리와 직접 관련되지 않는 수업이라는 우려,No Response,코딩 및 앱 개발,No Response,No Response
1/19/2026 13:34:19,항공우주소프트웨어공학,4학년,"실습 중심의 수업 확대, 평가 부담이 낮은 수업 설계, 정규 교과 내 필수 또는 선택 과목 개설",No Response,"기초 지식이나 사전 경험의 부족, 학습 속도를 따라가기 어렵다는 우려",No Response,"AI 도구 활용 방법, 현장 엔지니어(공학자)와의 교류",No Response,No Response
1/19/2026 13:36:05,제어로봇공학과,3학년,전공 및 교과와 연계된 활용 사례 제시,No Response,기초 지식이나 사전 경험의 부족,No Response,"디지털·AI의 기초 개념과 작동 원리, AI 도구 활용 방법",No Response,디지털•AI 기초 지식 및 개념
1/19/2026 13:39:56,AI융합공학과,대학원생,"기초 수준의 단계별 교육 제공, 실습 중심의 수업 확대, 평가 부담이 낮은 수업 설계",No Response,"기초 지식이나 사전 경험의 부족, 전문 용어나 기술적 내용(예: 코딩)에 대한 두려움, 학습 속도를 따라가기 어렵다는 우려",No Response,"코딩 및 앱 개발, AI 도구 활용 방법",No Response,기초 개념과 작동 원리
1/19/2026 13:46:06,AI융합공학과,대학원생,"기초 수준의 단계별 교육 제공, 실습 중심의 수업 확대",No Response,디지털·AI 학습의 필요성에 대한 확신 부족,No Response,"AI 도구 활용 방법, 현장 엔지니어(공학자)와의 교류",No Response,"딥러닝 기초 이해(특히, 신경망 종류별 특징)"
1/19/2026 13:53:58,소프트웨어공학과,2학년,기타,No Response,기타,No Response,코딩 및 앱 개발,No Response,접근성 완화
1/19/2026 13:58:23,AI융합공학과,대학원생,기초 수준의 단계별 교육 제공,No Response,기초 지식이나 사전 경험의 부족,No Response,"코딩 및 앱 개발, AI 도구 활용 방법, 현장 엔지니어(공학자)와의 교류",No Response,AI도구 활용
1/19/2026 14:01:39,소프트웨어공학과,2학년,"실습 중심의 수업 확대, 전공 및 교과와 연계된 활용 사례 제시",No Response,"기초 지식이나 사전 경험의 부족, 전문 용어나 기술적 내용(예: 코딩)에 대한 두려움",No Response,"수업 설계 및 교육적 활용 방법, 현장 엔지니어(공학자)와의 교류",No Response,교차검증
1/19/2026 14:09:06,항공우주소프트웨어공학,대학원생,"전공 및 교과와 연계된 활용 사례 제시, 기타",No Response,"기초 지식이나 사전 경험의 부족, 전문 용어나 기술적 내용(예: 코딩)에 대한 두려움",No Response,"AI 도구 활용 방법, AI 윤리 및 책임 있는 활용, 현장 엔지니어(공학자)와의 교류",No Response,No Response
1/19/2026 14:32:20,AI융합공학과,대학원생,"실습 중심의 수업 확대, 정규 교과 내 필수 또는 선택 과목 개설",No Response,기타,No Response,"코딩 및 앱 개발, AI 도구 활용 방법",No Response,실습수업
1/19/2026 15:26:40,제어로봇공학과,1학년,"기초 수준의 단계별 교육 제공, 실습 중심의 수업 확대, 전공 및 교과와 연계된 활용 사례 제시",No Response,전문 용어나 기술적 내용(예: 코딩)에 대한 두려움,No Response,"디지털·AI의 기초 개념과 작동 원리, 코딩 및 앱 개발, AI 도구 활용 방법",No Response,AI사용지원
1/19/2026 15:26:59,제어로봇공학과,1학년,"실습 중심의 수업 확대, 전공 및 교과와 연계된 활용 사례 제시",No Response,전문 용어나 기술적 내용(예: 코딩)에 대한 두려움,No Response,코딩 및 앱 개발,No Response,질문력
1/19/2026 15:35:00,제어로봇공학과,2학년,"실습 중심의 수업 확대, 전공 및 교과와 연계된 활용 사례 제시, 평가 부담이 낮은 수업 설계",No Response,"기초 지식이나 사전 경험의 부족, 디지털·AI 학습의 필요성에 대한 확신 부족",No Response,코딩 및 앱 개발,No Response,필요성
1/19/2026 16:24:55,제어로봇공학과,3학년,전공 및 교과와 연계된 활용 사례 제시,No Response,디지털·AI 학습의 필요성에 대한 확신 부족,No Response,AI 도구 활용 방법,No Response,No Response
1/19/2026 16:32:21,제어로봇공학과,1학년,"전공 및 교과와 연계된 활용 사례 제시, 평가 부담이 낮은 수업 설계",No Response,학습 속도를 따라가기 어렵다는 우려,No Response,AI 도구 활용 방법,No Response,꾸준한 연습
1/19/2026 16:53:55,제어로봇공학과 ,1학년,"실습 중심의 수업 확대, 평가 부담이 낮은 수업 설계",No Response,"기초 지식이나 사전 경험의 부족, 전문 용어나 기술적 내용(예: 코딩)에 대한 두려움",No Response,"디지털·AI의 기초 개념과 작동 원리, 코딩 및 앱 개발, AI 도구 활용 방법",No Response,왜 필요한지 필요성을 강조하면 좋을것 같습니다.
1/19/2026 17:09:00,제어로봇공학과,2학년,평가 부담이 낮은 수업 설계,No Response,"기초 지식이나 사전 경험의 부족, 학습 속도를 따라가기 어렵다는 우려",No Response,"디지털·AI의 기초 개념과 작동 원리, AI 도구 활용 방법",No Response,No Response
1/19/2026 17:42:40,제어로봇공학과,3학년,"전공 및 교과와 연계된 활용 사례 제시, 평가 부담이 낮은 수업 설계",No Response,"기초 지식이나 사전 경험의 부족, 일자리와 직접 관련되지 않는 수업이라는 우려",No Response,"AI 도구 활용 방법, 수업 설계 및 교육적 활용 방법",No Response,No Response
1/19/2026 17:52:06,제어로봇공학과,2학년,"전공 및 교과와 연계된 활용 사례 제시, 평가 부담이 낮은 수업 설계",No Response,전문 용어나 기술적 내용(예: 코딩)에 대한 두려움,No Response,AI 도구 활용 방법,No Response,기초개념과 작동원리등의 기초 배경 지식
1/19/2026 18:25:43,항공우주소프트웨어공학,대학원생,"기초 수준의 단계별 교육 제공, 실습 중심의 수업 확대, 정규 교과 내 필수 또는 선택 과목 개설",No Response,"기초 지식이나 사전 경험의 부족, 학습 속도를 따라가기 어렵다는 우려",No Response,"디지털·AI의 기초 개념과 작동 원리, AI 도구 활용 방법, AI 윤리 및 책임 있는 활용",No Response,AI가 원하는 결과를 잘 도출하기 위해 질문을 잘 하는 법
1/19/2026 22:05:46,AI정보공학과,4학년,"실습 중심의 수업 확대, 전공 및 교과와 연계된 활용 사례 제시, 정규 교과 내 필수 또는 선택 과목 개설",No Response,일자리와 직접 관련되지 않는 수업이라는 우려,No Response,"코딩 및 앱 개발, AI 도구 활용 방법",No Response,활용
1/19/2026 23:23:55,AI융합공학과,대학원생,"실습 중심의 수업 확대, 기타","AI의 장황한 응답은 사람에게 인지 부하를 유도합니다. 가치있는 정보를 추려내면서 비판적으로 검토하는 능력은 고된 훈련을 통해 다듬어질 수 있습니다. AI의 논리정연하면서 확신에 찬 그럴 듯한 응답은 학생들이 인지적으로 편한 길을 선택하게 만드는데, 이런 현상을 방지하기 위한 훈련 체계가 필요합니다.  ",기타,No Response,"AI 윤리 및 책임 있는 활용, 기타","전문 능력 함양을 위한 훈련 차원에서 어떤 인지적 작업을 AI에게 위임할지 금지할지 그 경계를 제시될 수 있으면 좋겠습니다. AI의 응답에 순응하게 되는 것을 경계해야 합니다. 최근 AI는 사용자 요청에 답변을 제공해줄 뿐만 아니라, 다음에 어떤 선택을 해야 할 지를 제시합니다. 어떤 행동 스텝이 가능한지 질문을 통해 가능한 스텝을 이해하는 것은 좋지만, 인간이 AI에게 어떤 인지적 작업을 위임해야 할 지 그 경계에 대한 설정이 분명해야 합니다. 전문가가 되기 위해 마땅히 감당해야 할 인지적 부담마저 위임한다면 AI-인간 간의 주종관계가 바뀔 수도 있겠습니다.",인간의 전문 능력을 훈련할 기회와 AI에게 작업을 위임할 때 인지적인 경계
1/20/2026 10:25:37, AI융합공학과,대학원생,"실습 중심의 수업 확대, 평가 부담이 낮은 수업 설계",No Response,"학습 속도를 따라가기 어렵다는 우려, 일자리와 직접 관련되지 않는 수업이라는 우려",No Response,코딩 및 앱 개발,No Response,API 사용방법
1/20/2026 12:27:41,컴퓨터공학과,2학년,"실습 중심의 수업 확대, 전공 및 교과와 연계된 활용 사례 제시",No Response,"기초 지식이나 사전 경험의 부족, 학습 속도를 따라가기 어렵다는 우려",No Response,"디지털·AI의 기초 개념과 작동 원리, 코딩 및 앱 개발, AI 도구 활용 방법, 현장 엔지니어(공학자)와의 교류",No Response,"AI 기본 개념, 잘못된 활용 사례, AI 문해력"
1/20/2026 12:41:57,컴퓨터공학부,대학원생,"실습 중심의 수업 확대, 평가 부담이 낮은 수업 설계",No Response,"전문 용어나 기술적 내용(예: 코딩)에 대한 두려움, 디지털·AI 학습의 필요성에 대한 확신 부족",No Response,"코딩 및 앱 개발, AI 도구 활용 방법",No Response,접근성
1/20/2026 12:48:39,컴퓨터공학과,대학원생,"실습 중심의 수업 확대, 정규 교과 내 필수 또는 선택 과목 개설",No Response,"기초 지식이나 사전 경험의 부족, 전문 용어나 기술적 내용(예: 코딩)에 대한 두려움",No Response,"디지털·AI의 기초 개념과 작동 원리, 코딩 및 앱 개발, 현장 엔지니어(공학자)와의 교류",No Response,점진적이고 체계적인 학습법과 흥미 위주의 수업
1/20/2026 12:49:17,컴퓨터공학과,3학년,"실습 중심의 수업 확대, 평가 부담이 낮은 수업 설계",No Response,전문 용어나 기술적 내용(예: 코딩)에 대한 두려움,No Response,"디지털·AI의 기초 개념과 작동 원리, AI 도구 활용 방법",No Response,실습환경
1/20/2026 12:54:04,컴퓨터공학과,4학년,"전공 및 교과와 연계된 활용 사례 제시, 평가 부담이 낮은 수업 설계",No Response,학습 속도를 따라가기 어렵다는 우려,No Response,"AI 도구 활용 방법, AI 윤리 및 책임 있는 활용, 현장 엔지니어(공학자)와의 교류",No Response,"프롬프트, 아이디어, 저작권, 책임"
1/20/2026 13:35:45,컴퓨터공학과,3학년,"기초 수준의 단계별 교육 제공, 실습 중심의 수업 확대, 평가 부담이 낮은 수업 설계",No Response,"기초 지식이나 사전 경험의 부족, 전문 용어나 기술적 내용(예: 코딩)에 대한 두려움, 학습 속도를 따라가기 어렵다는 우려",No Response,"디지털·AI의 기초 개념과 작동 원리, 코딩 및 앱 개발, AI 도구 활용 방법, 수업 설계 및 교육적 활용 방법, AI 윤리 및 책임 있는 활용, 현장 엔지니어(공학자)와의 교류",No Response,AI 기본지식 강화
1/20/2026 14:19:31,AI정보공학과,1학년,"기초 수준의 단계별 교육 제공, 실습 중심의 수업 확대, 전공 및 교과와 연계된 활용 사례 제시, 평가 부담이 낮은 수업 설계, 정규 교과 내 필수 또는 선택 과목 개설",No Response,"기초 지식이나 사전 경험의 부족, 전문 용어나 기술적 내용(예: 코딩)에 대한 두려움, 학습 속도를 따라가기 어렵다는 우려, 일자리와 직접 관련되지 않는 수업이라는 우려, 디지털·AI 학습의 필요성에 대한 확신 부족",No Response,"디지털·AI의 기초 개념과 작동 원리, 코딩 및 앱 개발, AI 도구 활용 방법, 수업 설계 및 교육적 활용 방법, AI 윤리 및 책임 있는 활용, 현장 엔지니어(공학자)와의 교류",No Response,No Response
1/20/2026 14:19:32, AI정보공학과,4학년,"기초 수준의 단계별 교육 제공, 전공 및 교과와 연계된 활용 사례 제시, 정규 교과 내 필수 또는 선택 과목 개설",No Response,"기초 지식이나 사전 경험의 부족, 학습 속도를 따라가기 어렵다는 우려",No Response,"코딩 및 앱 개발, AI 도구 활용 방법, 현장 엔지니어(공학자)와의 교류",No Response,사용법
1/20/2026 14:19:38,AI정보공학과,1학년,평가 부담이 낮은 수업 설계,No Response,학습 속도를 따라가기 어렵다는 우려,No Response,AI 도구 활용 방법,No Response,파이썬
1/20/2026 14:20:26,AI정보공학과,1학년,"기초 수준의 단계별 교육 제공, 실습 중심의 수업 확대, 전공 및 교과와 연계된 활용 사례 제시, 평가 부담이 낮은 수업 설계, 정규 교과 내 필수 또는 선택 과목 개설",No Response,"기초 지식이나 사전 경험의 부족, 전문 용어나 기술적 내용(예: 코딩)에 대한 두려움, 학습 속도를 따라가기 어렵다는 우려, 일자리와 직접 관련되지 않는 수업이라는 우려, 디지털·AI 학습의 필요성에 대한 확신 부족",No Response,"디지털·AI의 기초 개념과 작동 원리, 코딩 및 앱 개발, AI 도구 활용 방법, 수업 설계 및 교육적 활용 방법, AI 윤리 및 책임 있는 활용, 현장 엔지니어(공학자)와의 교류",No Response,쉬운 접근 유도
1/20/2026 14:20:32,AI정보공학과,3학년,"기초 수준의 단계별 교육 제공, 실습 중심의 수업 확대",No Response,"전문 용어나 기술적 내용(예: 코딩)에 대한 두려움, 일자리와 직접 관련되지 않는 수업이라는 우려",No Response,"코딩 및 앱 개발, 현장 엔지니어(공학자)와의 교류",No Response,실습
1/20/2026 14:20:32,AI정보공학과,3학년,전공 및 교과와 연계된 활용 사례 제시,No Response,전문 용어나 기술적 내용(예: 코딩)에 대한 두려움,No Response,현장 엔지니어(공학자)와의 교류,No Response,ai 윤리
1/20/2026 14:20:49,AI정보공학과,4학년,기초 수준의 단계별 교육 제공,No Response,"기초 지식이나 사전 경험의 부족, 일자리와 직접 관련되지 않는 수업이라는 우려",No Response,수업 설계 및 교육적 활용 방법,No Response,디지털 문화 이해
1/20/2026 14:20:53,AI정보공학과,3학년,"기초 수준의 단계별 교육 제공, 실습 중심의 수업 확대",No Response,"기초 지식이나 사전 경험의 부족, 전문 용어나 기술적 내용(예: 코딩)에 대한 두려움",No Response,"코딩 및 앱 개발, AI 도구 활용 방법",No Response,No Response
1/20/2026 14:22:08,AI정보공학과,1학년,"기초 수준의 단계별 교육 제공, 실습 중심의 수업 확대",No Response,"전문 용어나 기술적 내용(예: 코딩)에 대한 두려움, 학습 속도를 따라가기 어렵다는 우려",No Response,"디지털·AI의 기초 개념과 작동 원리, 현장 엔지니어(공학자)와의 교류",No Response,기초
1/20/2026 14:23:06,기계공학과,4학년,"실습 중심의 수업 확대, 전공 및 교과와 연계된 활용 사례 제시, 평가 부담이 낮은 수업 설계",No Response,"기초 지식이나 사전 경험의 부족, 학습 속도를 따라가기 어렵다는 우려",No Response,"디지털·AI의 기초 개념과 작동 원리, 코딩 및 앱 개발, AI 도구 활용 방법",No Response,AI 활용법
1/20/2026 14:23:31,AI정보공학과,4학년,"실습 중심의 수업 확대, 전공 및 교과와 연계된 활용 사례 제시",No Response,"기초 지식이나 사전 경험의 부족, 전문 용어나 기술적 내용(예: 코딩)에 대한 두려움",No Response,"디지털·AI의 기초 개념과 작동 원리, 코딩 및 앱 개발, AI 도구 활용 방법, 수업 설계 및 교육적 활용 방법, AI 윤리 및 책임 있는 활용, 현장 엔지니어(공학자)와의 교류",No Response,"자신의 코드를 하드웨어에 옮겨 움직여 보기, 하드웨어 설계"
1/20/2026 14:23:34,기계공학부,4학년,"실습 중심의 수업 확대, 평가 부담이 낮은 수업 설계",No Response,"일자리와 직접 관련되지 않는 수업이라는 우려, 디지털·AI 학습의 필요성에 대한 확신 부족",No Response,현장 엔지니어(공학자)와의 교류,No Response,현장에서의 교류
1/20/2026 14:24:23,제어로봇공학과,1학년,전공 및 교과와 연계된 활용 사례 제시,No Response,일자리와 직접 관련되지 않는 수업이라는 우려,No Response,AI 도구 활용 방법,No Response,재력
1/20/2026 14:26:53,AI융합공학과,대학원생,"전공 및 교과와 연계된 활용 사례 제시, 평가 부담이 낮은 수업 설계",No Response,디지털·AI 학습의 필요성에 대한 확신 부족,No Response,"디지털·AI의 기초 개념과 작동 원리, AI 도구 활용 방법",No Response,human-AI collaboration
1/20/2026 14:28:25,AI정보공학과,1학년,"기초 수준의 단계별 교육 제공, 실습 중심의 수업 확대, 평가 부담이 낮은 수업 설계",No Response,일자리와 직접 관련되지 않는 수업이라는 우려,No Response,"코딩 및 앱 개발, 현장 엔지니어(공학자)와의 교류",No Response,AI인재 장학금
1/20/2026 14:29:41,AI정보공학과,3학년,"실습 중심의 수업 확대, 전공 및 교과와 연계된 활용 사례 제시",No Response,전문 용어나 기술적 내용(예: 코딩)에 대한 두려움,No Response,"AI 도구 활용 방법, 현장 엔지니어(공학자)와의 교류",No Response,AI는 아직까진 만능이 아니며 AI의 결과물에 대한 옳고 그름을 스스로 판단할수 있는 역량
1/20/2026 14:29:59,AI정보공학과,2학년,"기초 수준의 단계별 교육 제공, 실습 중심의 수업 확대, 전공 및 교과와 연계된 활용 사례 제시",No Response,"기초 지식이나 사전 경험의 부족, 전문 용어나 기술적 내용(예: 코딩)에 대한 두려움, 학습 속도를 따라가기 어렵다는 우려",No Response,"디지털·AI의 기초 개념과 작동 원리, 코딩 및 앱 개발, AI 도구 활용 방법, 현장 엔지니어(공학자)와의 교류",No Response,기초개념
1/20/2026 14:30:36,AI정보공학과,3학년,"전공 및 교과와 연계된 활용 사례 제시, 평가 부담이 낮은 수업 설계",No Response,"전문 용어나 기술적 내용(예: 코딩)에 대한 두려움, 학습 속도를 따라가기 어렵다는 우려",No Response,AI 도구 활용 방법,No Response,학습
1/20/2026 14:31:36,기계공학부,대학원생,"실습 중심의 수업 확대, 전공 및 교과와 연계된 활용 사례 제시",No Response,"기초 지식이나 사전 경험의 부족, 전문 용어나 기술적 내용(예: 코딩)에 대한 두려움",No Response,"AI 도구 활용 방법, 현장 엔지니어(공학자)와의 교류",No Response,사용하는 방법 및 툴의 기초지식
1/20/2026 14:31:40,AI정보공학과,4학년,정규 교과 내 필수 또는 선택 과목 개설,No Response,일자리와 직접 관련되지 않는 수업이라는 우려,No Response,AI 도구 활용 방법,No Response,비판적 사고
1/20/2026 14:31:46,AI정보공학과,3학년,전공 및 교과와 연계된 활용 사례 제시,No Response,학습 속도를 따라가기 어렵다는 우려,No Response,현장 엔지니어(공학자)와의 교류,No Response,문제 해결
1/20/2026 14:32:15,AI장보공학과,2학년,정규 교과 내 필수 또는 선택 과목 개설,No Response,기초 지식이나 사전 경험의 부족,No Response,AI 도구 활용 방법,No Response,정보
1/20/2026 14:32:44,AI융합공학과,대학원생,"기초 수준의 단계별 교육 제공, 실습 중심의 수업 확대, 평가 부담이 낮은 수업 설계",No Response,"기초 지식이나 사전 경험의 부족, 전문 용어나 기술적 내용(예: 코딩)에 대한 두려움, 학습 속도를 따라가기 어렵다는 우려",No Response,"디지털·AI의 기초 개념과 작동 원리, AI 도구 활용 방법, 현장 엔지니어(공학자)와의 교류",No Response,"AI 동작원리, AI 답변의 한계 및 편향 인식"
1/20/2026 14:33:17,AI정보공학과,2학년,평가 부담이 낮은 수업 설계,No Response,"기초 지식이나 사전 경험의 부족, 학습 속도를 따라가기 어렵다는 우려",No Response,"AI 도구 활용 방법, 수업 설계 및 교육적 활용 방법",No Response,없습니다
1/20/2026 14:33:19,컴퓨터공학과,3학년,"실습 중심의 수업 확대, 전공 및 교과와 연계된 활용 사례 제시, 평가 부담이 낮은 수업 설계",No Response,디지털·AI 학습의 필요성에 대한 확신 부족,No Response,"디지털·AI의 기초 개념과 작동 원리, 코딩 및 앱 개발",No Response,활용
1/20/2026 14:33:35,AI정보공학과,4학년,평가 부담이 낮은 수업 설계,No Response,"기초 지식이나 사전 경험의 부족, 전문 용어나 기술적 내용(예: 코딩)에 대한 두려움, 학습 속도를 따라가기 어렵다는 우려, 일자리와 직접 관련되지 않는 수업이라는 우려, 디지털·AI 학습의 필요성에 대한 확신 부족",No Response,"디지털·AI의 기초 개념과 작동 원리, 코딩 및 앱 개발, AI 도구 활용 방법, 수업 설계 및 교육적 활용 방법, AI 윤리 및 책임 있는 활용, 현장 엔지니어(공학자)와의 교류",No Response,다양한 프로그램과 그에 따른 비용감소
1/20/2026 14:35:24,AI정보공학과,3학년,"실습 중심의 수업 확대, 정규 교과 내 필수 또는 선택 과목 개설",No Response,"전문 용어나 기술적 내용(예: 코딩)에 대한 두려움, 학습 속도를 따라가기 어렵다는 우려",No Response,"디지털·AI의 기초 개념과 작동 원리, 코딩 및 앱 개발, 현장 엔지니어(공학자)와의 교류",No Response,Ai의 기초
1/20/2026 14:36:05,AI정보공학과,2학년,기초 수준의 단계별 교육 제공,No Response,전문 용어나 기술적 내용(예: 코딩)에 대한 두려움,No Response,"코딩 및 앱 개발, 현장 엔지니어(공학자)와의 교류",No Response,소비자가 아닌 설계자
1/20/2026 14:38:03,컴퓨터공학과,4학년,전공 및 교과와 연계된 활용 사례 제시,No Response,"일자리와 직접 관련되지 않는 수업이라는 우려, 디지털·AI 학습의 필요성에 대한 확신 부족",No Response,AI 윤리 및 책임 있는 활용,No Response,"사실여부 확인하는 법, 저작권 침해없이 이용하는법"
1/20/2026 14:40:01,AI정보공학과,1학년,"기초 수준의 단계별 교육 제공, 실습 중심의 수업 확대",No Response,"기초 지식이나 사전 경험의 부족, 학습 속도를 따라가기 어렵다는 우려",No Response,"코딩 및 앱 개발, AI 도구 활용 방법",No Response,AI활용
1/20/2026 14:40:33,AI정보공학과,3학년,"실습 중심의 수업 확대, 전공 및 교과와 연계된 활용 사례 제시, 평가 부담이 낮은 수업 설계",No Response,"기초 지식이나 사전 경험의 부족, 전문 용어나 기술적 내용(예: 코딩)에 대한 두려움, 일자리와 직접 관련되지 않는 수업이라는 우려",No Response,"코딩 및 앱 개발, AI 도구 활용 방법, 수업 설계 및 교육적 활용 방법, 현장 엔지니어(공학자)와의 교류",No Response,No Response
1/20/2026 14:41:35,AI정보공학과,4학년,"기초 수준의 단계별 교육 제공, 평가 부담이 낮은 수업 설계, 정규 교과 내 필수 또는 선택 과목 개설",No Response,"전문 용어나 기술적 내용(예: 코딩)에 대한 두려움, 학습 속도를 따라가기 어렵다는 우려",No Response,"코딩 및 앱 개발, AI 도구 활용 방법",No Response,프롬프트 활용 능력
1/20/2026 14:41:43,기계공학부,4학년,"기초 수준의 단계별 교육 제공, 실습 중심의 수업 확대, 전공 및 교과와 연계된 활용 사례 제시, 평가 부담이 낮은 수업 설계, 정규 교과 내 필수 또는 선택 과목 개설",No Response,"기초 지식이나 사전 경험의 부족, 전문 용어나 기술적 내용(예: 코딩)에 대한 두려움, 학습 속도를 따라가기 어렵다는 우려, 일자리와 직접 관련되지 않는 수업이라는 우려, 디지털·AI 학습의 필요성에 대한 확신 부족",No Response,"디지털·AI의 기초 개념과 작동 원리, 코딩 및 앱 개발, AI 도구 활용 방법, 수업 설계 및 교육적 활용 방법, AI 윤리 및 책임 있는 활용, 현장 엔지니어(공학자)와의 교류",No Response,AI 관련 직무 경험
1/20/2026 14:42:06,AI정보공학과,3학년,전공 및 교과와 연계된 활용 사례 제시,No Response,디지털·AI 학습의 필요성에 대한 확신 부족,No Response,AI 도구 활용 방법,No Response,독서
1/20/2026 14:42:58,컴퓨터공학부,4학년,실습 중심의 수업 확대,No Response,"기초 지식이나 사전 경험의 부족, 학습 속도를 따라가기 어렵다는 우려",No Response,"디지털·AI의 기초 개념과 작동 원리, AI 도구 활용 방법, 수업 설계 및 교육적 활용 방법, AI 윤리 및 책임 있는 활용",No Response,올바른 프롬프트 사용
1/20/2026 14:45:10,AI정보공학과,1학년,"기초 수준의 단계별 교육 제공, 실습 중심의 수업 확대, 전공 및 교과와 연계된 활용 사례 제시",No Response,"기초 지식이나 사전 경험의 부족, 일자리와 직접 관련되지 않는 수업이라는 우려, 디지털·AI 학습의 필요성에 대한 확신 부족",No Response,"코딩 및 앱 개발, AI 도구 활용 방법",No Response,No Response
1/20/2026 14:46:30,기계공학부,3학년,"전공 및 교과와 연계된 활용 사례 제시, 정규 교과 내 필수 또는 선택 과목 개설",No Response,기초 지식이나 사전 경험의 부족,No Response,"디지털·AI의 기초 개념과 작동 원리, AI 도구 활용 방법",No Response,딥러닝
1/20/2026 14:46:44,AI정보공학과,3학년,"실습 중심의 수업 확대, 전공 및 교과와 연계된 활용 사례 제시",No Response,전문 용어나 기술적 내용(예: 코딩)에 대한 두려움,No Response,코딩 및 앱 개발,No Response,더 많은 활동
1/20/2026 14:47:36,컴퓨터공학과,3학년,평가 부담이 낮은 수업 설계,No Response,전문 용어나 기술적 내용(예: 코딩)에 대한 두려움,No Response,AI 도구 활용 방법,No Response,"""책임""이라는 키워드가 중요하다고 생각합니다.
AI를 사용하더라도 과제는 결국 본인 이름으로 제출되고, 그 내용에 대한 책임도 학생 본인에게 있다는 인식을 갖게 하는 것이 가장 중요하다고 생각합니다.
채점도 글을 그럴듯하게 썼는지가 아니라, 내용이 맞는지, 논리가 있는지를 중심으로 이루어져야 합니다. (채점자는 문제에 대한 지식을 가지고 있을 것이기 때문에, 지식을 실수하는 hallucination 현상을 채점을 통해 거르기를 반복하다 보면 교육을 통해 책임을 학습한 학생이 실제로 생성형 AI의 출력을 경계하게 되며 신뢰성 있는 사용을 지향하게 할 수 있으리라 생각합니다)

이렇게 되면 학생은 AI가 만들어 준 내용을 그대로 제출하기보다,
한 번 더 읽어보고 틀린 부분은 고치고, 이해가 안 되는 부분은 스스로 수정하는 과정을 거치게 됩니다.
결국 디지털·AI 문해력에서 가장 중요한 것은 AI를 대신 써주는 도구로 사용하는 것이 아니라, 생성된 결과를 책임 있게 검토하고 활용하는 태도라고 생각합니다."
1/20/2026 14:49:55,컴퓨터공학과,2학년,전공 및 교과와 연계된 활용 사례 제시,No Response,"기초 지식이나 사전 경험의 부족, 전문 용어나 기술적 내용(예: 코딩)에 대한 두려움",No Response,"디지털·AI의 기초 개념과 작동 원리, 코딩 및 앱 개발",No Response,독서습관
1/20/2026 14:52:37,AI정보공학과,2학년,실습 중심의 수업 확대,No Response,전문 용어나 기술적 내용(예: 코딩)에 대한 두려움,No Response,"AI 도구 활용 방법, 현장 엔지니어(공학자)와의 교류",No Response,활용 방법
1/20/2026 15:00:45,컴퓨터공학과,4학년,"실습 중심의 수업 확대, 전공 및 교과와 연계된 활용 사례 제시",No Response,"기초 지식이나 사전 경험의 부족, 학습 속도를 따라가기 어렵다는 우려",No Response,"AI 윤리 및 책임 있는 활용, 현장 엔지니어(공학자)와의 교류",No Response,스스로 문제를 찾고 적합한 도구를 활용하여 해결하는 능력
1/20/2026 15:00:55,컴퓨터공학과,대학원생,실습 중심의 수업 확대,No Response,디지털·AI 학습의 필요성에 대한 확신 부족,No Response,코딩 및 앱 개발,No Response,바이브코딩
1/20/2026 15:01:43,컴퓨터공학과,대학원생,"실습 중심의 수업 확대, 정규 교과 내 필수 또는 선택 과목 개설",No Response,"일자리와 직접 관련되지 않는 수업이라는 우려, 디지털·AI 학습의 필요성에 대한 확신 부족",No Response,"AI 도구 활용 방법, 현장 엔지니어(공학자)와의 교류",No Response,비용지원
1/20/2026 15:02:13,컴퓨터공학과,대학원생,"기초 수준의 단계별 교육 제공, 실습 중심의 수업 확대, 전공 및 교과와 연계된 활용 사례 제시, 평가 부담이 낮은 수업 설계, 정규 교과 내 필수 또는 선택 과목 개설",No Response,"기초 지식이나 사전 경험의 부족, 전문 용어나 기술적 내용(예: 코딩)에 대한 두려움, 학습 속도를 따라가기 어렵다는 우려, 일자리와 직접 관련되지 않는 수업이라는 우려, 디지털·AI 학습의 필요성에 대한 확신 부족",No Response,"코딩 및 앱 개발, AI 도구 활용 방법, 수업 설계 및 교육적 활용 방법, AI 윤리 및 책임 있는 활용, 현장 엔지니어(공학자)와의 교류",No Response,"최신 AI 기술 이해, 실무 활용 역량, 글로벌/국내 AI 기술 경쟁 인식"
1/20/2026 15:02:28,컴퓨터공학과,대학원생,전공 및 교과와 연계된 활용 사례 제시,No Response,기초 지식이나 사전 경험의 부족,No Response,디지털·AI의 기초 개념과 작동 원리,No Response,기초 원리와 활용
1/20/2026 15:03:07,AI정보공학과,1학년,실습 중심의 수업 확대,No Response,기초 지식이나 사전 경험의 부족,No Response,"코딩 및 앱 개발, 현장 엔지니어(공학자)와의 교류",No Response,사례
1/20/2026 15:05:23,컴퓨터공학과,대학원생,"실습 중심의 수업 확대, 전공 및 교과와 연계된 활용 사례 제시","(ChatGPT 사용법!, 프롬프트엔지니어링) <-- 이런것 말고 전공에 엮을만한(ex. 화학공학, 생명공학) AI 교과목이 필요함.",일자리와 직접 관련되지 않는 수업이라는 우려,No Response,"디지털·AI의 기초 개념과 작동 원리, 현장 엔지니어(공학자)와의 교류","뻔하게 CNN, RNN, LSTM, Transformer 각각이 뭔지 배우는것이 아니고 특정 분야에 활용할 것이면 그 분야 내용만 위주로 심도있게 배우는게 나을 것 같음.(ex. 생명공학이면 DNA 염기서열의 Transformer 이용 분석.)",자신의 전공분야에 적절한 AI 접목한 활용. (현시대 교육의 가장 큰 문제는 ChatGPT가 만능이라 생각하는 것임)
1/20/2026 15:07:58,컴퓨터공학과,3학년,"기초 수준의 단계별 교육 제공, 실습 중심의 수업 확대",No Response,일자리와 직접 관련되지 않는 수업이라는 우려,No Response,"코딩 및 앱 개발, AI 도구 활용 방법, 현장 엔지니어(공학자)와의 교류",No Response,No Response
1/20/2026 15:08:31,AI정보공학과,3학년,"기초 수준의 단계별 교육 제공, 전공 및 교과와 연계된 활용 사례 제시, 평가 부담이 낮은 수업 설계",No Response,"기초 지식이나 사전 경험의 부족, 전문 용어나 기술적 내용(예: 코딩)에 대한 두려움, 학습 속도를 따라가기 어렵다는 우려",No Response,"디지털·AI의 기초 개념과 작동 원리, 코딩 및 앱 개발, AI 도구 활용 방법, 수업 설계 및 교육적 활용 방법, AI 윤리 및 책임 있는 활용, 현장 엔지니어(공학자)와의 교류",No Response,No Response
1/20/2026 15:29:33,컴퓨터공학과,1학년,"전공 및 교과와 연계된 활용 사례 제시, 평가 부담이 낮은 수업 설계",No Response,"학습 속도를 따라가기 어렵다는 우려, 일자리와 직접 관련되지 않는 수업이라는 우려",No Response,"AI 도구 활용 방법, 수업 설계 및 교육적 활용 방법",No Response,다양한 Ai도구활용을 위한 무료/공용 I'd 제공
1/20/2026 15:33:46,컴퓨터공학과,1학년,기타,No Response,기타,No Response,AI 윤리 및 책임 있는 활용,No Response,No Response
1/20/2026 15:34:30,AI정보공학과,4학년,"실습 중심의 수업 확대, 전공 및 교과와 연계된 활용 사례 제시",No Response,일자리와 직접 관련되지 않는 수업이라는 우려,No Response,"코딩 및 앱 개발, 현장 엔지니어(공학자)와의 교류",No Response,실무에서 사용할수있는 능력
1/20/2026 15:37:05,컴퓨터공학과,2학년,전공 및 교과와 연계된 활용 사례 제시,No Response,"학습 속도를 따라가기 어렵다는 우려, 일자리와 직접 관련되지 않는 수업이라는 우려",No Response,"코딩 및 앱 개발, AI 도구 활용 방법, 현장 엔지니어(공학자)와의 교류",No Response,"실제 업무환경에서 사용되는 분야, 방법"
1/20/2026 15:42:16,AI정보공학과,3학년,"실습 중심의 수업 확대, 전공 및 교과와 연계된 활용 사례 제시, 정규 교과 내 필수 또는 선택 과목 개설",ai툴 사용을 위한 비용,기타,등급 평가로 인한 성적 스트레스,"코딩 및 앱 개발, 현장 엔지니어(공학자)와의 교류, 기타",대학교 수준의 전문적이고 현업에서 사용하는 기술에 대한 교육,"전문성있는 교육, 다양한 ai툴 사용을 위한 구독 비용이나 혜택, 공모전 개최등"
1/20/2026 15:52:02,AI정보공학과,2학년,"실습 중심의 수업 확대, 평가 부담이 낮은 수업 설계",No Response,전문 용어나 기술적 내용(예: 코딩)에 대한 두려움,No Response,"디지털·AI의 기초 개념과 작동 원리, 현장 엔지니어(공학자)와의 교류",No Response,과제 중심 평가의 꾸준한 실습
1/20/2026 15:54:48,AI정보공학과,4학년,"실습 중심의 수업 확대, 전공 및 교과와 연계된 활용 사례 제시, 평가 부담이 낮은 수업 설계, 정규 교과 내 필수 또는 선택 과목 개설",No Response,학습 속도를 따라가기 어렵다는 우려,No Response,"코딩 및 앱 개발, 현장 엔지니어(공학자)와의 교류",No Response,기술 변화 속도가 빠른 만큼 특정 기술보다도 스스로 학습하고 적응하는 능력을 키워주는 교육이 중요하다고 생각합니다.
1/20/2026 15:59:57,AI정보공학과,4학년,정규 교과 내 필수 또는 선택 과목 개설,No Response,학습 속도를 따라가기 어렵다는 우려,No Response,현장 엔지니어(공학자)와의 교류,No Response,강의
1/20/2026 16:00:37,컴퓨터공학과,2학년,"전공 및 교과와 연계된 활용 사례 제시, 평가 부담이 낮은 수업 설계",No Response,"기초 지식이나 사전 경험의 부족, 학습 속도를 따라가기 어렵다는 우려",No Response,"코딩 및 앱 개발, 현장 엔지니어(공학자)와의 교류",No Response,"실전,전공 수업에서의 ai 적용 실습"
1/20/2026 16:13:13,AI정보공학과,1학년,"기초 수준의 단계별 교육 제공, 실습 중심의 수업 확대, 전공 및 교과와 연계된 활용 사례 제시, 정규 교과 내 필수 또는 선택 과목 개설",No Response,"기초 지식이나 사전 경험의 부족, 디지털·AI 학습의 필요성에 대한 확신 부족",No Response,"디지털·AI의 기초 개념과 작동 원리, 코딩 및 앱 개발, AI 도구 활용 방법, 수업 설계 및 교육적 활용 방법, AI 윤리 및 책임 있는 활용, 현장 엔지니어(공학자)와의 교류",No Response,No Response
1/20/2026 16:13:23,AI정보공학과,3학년,"실습 중심의 수업 확대, 전공 및 교과와 연계된 활용 사례 제시, 기타",AI를 활용한 톱다운 형식의 학습이 필요하다고 생각합니다.,기타,"AI로 대체되기 가장 쉬운 단순한 주입식 교육이 아니라, 깊이 있는 이해를 도울 수 있고 효율적으로 공부가 가능하게끔 AI를 수업 전방위에 걸쳐 적극적으로 활용할 수 있도록 도와야 합니다. ","코딩 및 앱 개발, AI 도구 활용 방법, 현장 엔지니어(공학자)와의 교류",No Response,"응용력 및 환각을 구별할 수 있는 능력, 그리고 깊이 있는 사고를 유도하는 능력을 기르는 것이 중요합니다. 나머지 능력들은 그 중요성이 점차 낮아질 것입니다. 또한, 복잡한 시스템을 가장 기초적인 단계로 쪼개는 연습을 많이 하도록 교수진들이 유도해야 합니다. 교수진들이 하나부터 열까지 가르치는 교육이 아닌, AI를 전방위에 걸쳐 활용하되 교수진들이 중심을 잡아 학생들을 올바른 길로 유도하는 방향이 가장 바람직하다고 봅니다. AI를 활용하되 환각현상이 발생했을 경우 교수진들이 올바른 피드백을 하는 방향으로 바뀌지 않으면, 대학 교육은 의미가 없을 것입니다. "
1/20/2026 16:14:11,AI정보공학과,3학년,"기초 수준의 단계별 교육 제공, 실습 중심의 수업 확대, 정규 교과 내 필수 또는 선택 과목 개설",No Response,기초 지식이나 사전 경험의 부족,No Response,현장 엔지니어(공학자)와의 교류,No Response,지식
1/20/2026 16:16:07, AI정보공학과,4학년,"기초 수준의 단계별 교육 제공, 실습 중심의 수업 확대, 전공 및 교과와 연계된 활용 사례 제시, 평가 부담이 낮은 수업 설계, 정규 교과 내 필수 또는 선택 과목 개설",No Response,"기초 지식이나 사전 경험의 부족, 전문 용어나 기술적 내용(예: 코딩)에 대한 두려움, 학습 속도를 따라가기 어렵다는 우려",No Response,"코딩 및 앱 개발, AI 도구 활용 방법, 현장 엔지니어(공학자)와의 교류",No Response,"활용사례, 연계성"
1/20/2026 16:17:57,컴퓨터공학과,4학년,"실습 중심의 수업 확대, 전공 및 교과와 연계된 활용 사례 제시",No Response,"기초 지식이나 사전 경험의 부족, 전문 용어나 기술적 내용(예: 코딩)에 대한 두려움",No Response,"코딩 및 앱 개발, AI 도구 활용 방법, 현장 엔지니어(공학자)와의 교류",No Response,코딩 스크립트와 인공지능과의 괴리감 줄이기
1/20/2026 16:18:57,컴퓨터공학과,대학원생,"기초 수준의 단계별 교육 제공, 실습 중심의 수업 확대, 전공 및 교과와 연계된 활용 사례 제시",No Response,기초 지식이나 사전 경험의 부족,No Response,코딩 및 앱 개발,No Response,No Response
1/20/2026 16:40:00,고분자공학과,4학년,실습 중심의 수업 확대,No Response,전문 용어나 기술적 내용(예: 코딩)에 대한 두려움,No Response,AI 도구 활용 방법,No Response, AI의 활용
1/20/2026 17:28:02,AI정보공학과,3학년,"전공 및 교과와 연계된 활용 사례 제시, 평가 부담이 낮은 수업 설계, 정규 교과 내 필수 또는 선택 과목 개설",No Response,"학습 속도를 따라가기 어렵다는 우려, 디지털·AI 학습의 필요성에 대한 확신 부족",No Response,"수업 설계 및 교육적 활용 방법, AI 윤리 및 책임 있는 활용",No Response,No Response
1/20/2026 17:31:32,컴퓨터공학과,대학원생,기초 수준의 단계별 교육 제공,No Response,학습 속도를 따라가기 어렵다는 우려,No Response,코딩 및 앱 개발,No Response,사례 제공
1/20/2026 18:48:13,컴퓨터공학과,3학년,"실습 중심의 수업 확대, 전공 및 교과와 연계된 활용 사례 제시, 정규 교과 내 필수 또는 선택 과목 개설",No Response,"기초 지식이나 사전 경험의 부족, 전문 용어나 기술적 내용(예: 코딩)에 대한 두려움",No Response,"코딩 및 앱 개발, AI 도구 활용 방법, 현장 엔지니어(공학자)와의 교류",No Response,생성형 AI 제공 및 AI 활용 기회
1/20/26 20:29,AI정보공학과,1학년,전공 및 교과와 연계된 활용 사례 제시,No Response,전문 용어나 기술적 내용(예: 코딩)에 대한 두려움,No Response,수업 설계 및 교육적 활용 방법,No Response,평생학습